{
	"class": "ScriptableObjectClass",
	"doc": {
		"text": [
			"A script class that doesn't represent any particular game object.",
			"The scriptable object is automatically synchronized to all clients.",
			"Can receive events sent with [sm.event.sendToScriptableObject]."
		],
		"fields": [
			[
				"[ScriptableObject]",
				"scriptableObject",
				"The [ScriptableObject] belonging to this class instance."
			],
			[
				"[Network]",
				"network",
				"A [Network] object that can be used to send messages between client and server."
			],
			[
				"[Storage]",
				"storage",
				"(Server side only, if [ScriptableObjectClass.isSaveObject, isSaveObject] is enabled) A [Storage] object that can be used to store data for the next time loading this object after being unloaded."
			],
			[
				"any",
				"data",
				"Data from the \"data\" json element."
			],
			[
				"any",
				"params",
				"Parameter sent to [sm.scriptableObject.createScriptableObject]."
			]
		]
	},
	"constants": [
		{
			"name": "isSaveObject",
			"doc": {
				"text": [
					"Enables or disables saving of this scriptable object. (Defaults to false)",
					"If enabled, the [ScriptableObject] will be recreated when loading a game. Otherwise, the [ScriptableObject] is considered a temporary object.",
					"@note",
					"If disabled, self.storage can not be used.",
					"@note"
				],
				"return": [
					[
						"boolean",
						""
					]
				]
			}
		}
	],
	"common_callbacks": [
		{
			"name": "server_onCreate",
			"doc": {
				"text": [
					"Called when the scripted object is created. This occurs when a new object is built, spawned, or loaded from the save file."
				],
				"params": [
					[
						"table",
						"self",
						"The class instance."
					]
				]
			},
			"type": "serverEventCallback"
		},
		{
			"name": "client_onCreate",
			"doc": {
				"text": [
					"Called when the scripted object is created. This occurs when a new object is built, spawned, or loaded from the save file."
				],
				"params": [
					[
						"table",
						"self",
						"The class instance."
					]
				]
			},
			"type": "clientEventCallback"
		},
		{
			"name": "server_onDestroy",
			"doc": {
				"text": [
					"Called when the scripted object is destroyed."
				],
				"params": [
					[
						"table",
						"self",
						"The class instance."
					]
				]
			},
			"type": "serverEventCallback"
		},
		{
			"name": "client_onDestroy",
			"doc": {
				"text": [
					"Called when the scripted object is destroyed."
				],
				"params": [
					[
						"table",
						"self",
						"The class instance."
					]
				]
			},
			"type": "clientEventCallback"
		},
		{
			"name": "server_onRefresh",
			"doc": {
				"text": [
					"Called if the Lua script attached to the object is modified while the game is running.",
					"@note",
					"This event requires Scrap Mechanic to be running with the '-dev' flag. This will allow scripts to automatically refresh upon changes.",
					"@note"
				],
				"params": [
					[
						"table",
						"self",
						"The class instance."
					]
				]
			},
			"type": "serverEventCallback"
		},
		{
			"name": "client_onRefresh",
			"doc": {
				"text": [
					"Called if the Lua script attached to the object is modified while the game is running.",
					"@note",
					"This event requires Scrap Mechanic to be running with the '-dev' flag. This will allow scripts to automatically refresh upon changes.",
					"@note"
				],
				"params": [
					[
						"table",
						"self",
						"The class instance."
					]
				]
			},
			"type": "clientEventCallback"
		},
		{
			"name": "server_onFixedUpdate",
			"doc": {
				"text": [
					"Called every game tick &ndash; 40 ticks a second. If the frame rate is lower than 40 fps, this event may be called twice.",
					"During a fixed update, physics and logic between interactables are updated."
				],
				"params": [
					[
						"table",
						"self",
						"The class instance."
					],
					[
						"number",
						"timeStep",
						"The time period of a tick. (Is always 0.025, a 1/40th of a second.)"
					]
				]
			},
			"type": "serverEventCallback"
		},
		{
			"name": "client_onFixedUpdate",
			"doc": {
				"text": [
					"Called every game tick &ndash; 40 ticks a second. If the frame rate is lower than 40 fps, this event may be called twice.",
					"During a fixed update, physics and logic between interactables are updated."
				],
				"params": [
					[
						"table",
						"self",
						"The class instance."
					],
					[
						"number",
						"timeStep",
						"The time period of a tick. (Is always 0.025, a 1/40th of a second.)"
					]
				]
			},
			"type": "clientEventCallback"
		},
		{
			"name": "client_onUpdate",
			"doc": {
				"text": [
					"Called every frame.",
					"During a frame update, graphics, animations and effects are updated.",
					"@warning",
					"Because of how frequent this event is called, the game's frame rate is greatly affected by the amount of code executed here.",
					"For any non-graphics related code, consider using [ScriptableObjectClass.client_onFixedUpdate, client_onFixedUpdate] instead.",
					"If the event is not in use, consider removing it from the script. (Event callbacks that are not implemented will not be called.)",
					"@warning"
				],
				"params": [
					[
						"table",
						"self",
						"The class instance."
					],
					[
						"number",
						"deltaTime",
						"Delta time since the last frame."
					]
				]
			},
			"type": "clientEventCallback"
		},
		{
			"name": "client_onClientDataUpdate",
			"doc": {
				"text": [
					"Called when the client receives new client data updates from the server set with [Network.setClientData].",
					"Data set in this way is persistent and the latest data will automatically be sent to new clients.",
					"The data will arrive after [ScriptableObjectClass.client_onCreate, client_onCreate] during the same tick.",
					"Channel 1 will be received before channel 2 if both are updated."
				],
				"params": [
					[
						"table",
						"self",
						"The class instance."
					],
					[
						"any",
						"data",
						"Any lua object set with [Network.setClientData]"
					],
					[
						"integer",
						"channel",
						"Client data channel, 1 or 2. (default: 1)"
					]
				]
			},
			"type": "clientEventCallback"
		}
	],
	"callbacks": []
}