{
	"Game": {
		"classes": [
			"CharacterClass",
			"GameClass",
			"HarvestableClass",
			"PlayerClass",
			"ScriptableObjectClass",
			"ShapeClass",
			"UnitClass",
			"WorldClass",
			"ToolClass"
		],
		"userdata": [
			"Vec3",
			"Quat",
			"Uuid",
			"Color",
			"RaycastResult",
			"LoadCellHandle",
			"Shape",
			"Body",
			"Interactable",
			"Joint",
			"Network",
			"Container",
			"Character",
			"Player",
			"AreaTrigger",
			"World",
			"Portal",
			"Harvestable",
			"Lift",
			"ScriptableObject",
			"BuilderGuide",
			"CullSphereGroup",
			"Effect",
			"Storage",
			"Unit",
			"AiState",
			"PathNode",
			"Tool",
			"Widget",
			"BlueprintVisualization",
			"GuiInterface"
		],
		"namespaces": [
			"GLOBAL",
			"sm",
			"sm.json",
			"sm.noise",
			"sm.util",
			"sm.log",
			"sm.vec3",
			"sm.quat",
			"sm.uuid",
			"sm.color",
			"sm.physics",
			"sm.shape",
			"sm.body",
			"sm.interactable",
			"sm.joint",
			"sm.projectile",
			"sm.melee",
			"sm.creation",
			"sm.cell",
			"sm.container",
			"sm.ai",
			"sm.character",
			"sm.player",
			"sm.areaTrigger",
			"sm.game",
			"sm.world",
			"sm.event",
			"sm.item",
			"sm.challenge",
			"sm.menuCreation",
			"sm.portal",
			"sm.harvestable",
			"sm.construction",
			"sm.scriptableObject",
			"sm.builderGuide",
			"sm.cullSphereGroup",
			"sm.effect",
			"sm.debris",
			"sm.debugDraw",
			"sm.storage",
			"sm.unit",
			"sm.pathfinder",
			"sm.pathNode",
			"sm.tool",
			"sm.audio",
			"sm.particle",
			"sm.localPlayer",
			"sm.camera",
			"sm.gui",
			"sm.gui.widget",
			"sm.visualization",
			"sm.render"
		]
	},
	"Terrain": {
		"classes": [],
		"userdata": [
			"Vec3",
			"Quat",
			"Uuid",
			"Color",
			"World",
			"Harvestable"
		],
		"namespaces": [
			"GLOBAL",
			"sm",
			"sm.json",
			"sm.noise",
			"sm.util",
			"sm.log",
			"sm.vec3",
			"sm.quat",
			"sm.uuid",
			"sm.color",
			"sm.terrainData",
			"sm.terrainTile",
			"sm.terrainGeneration",
			"sm.debugDraw",
			"sm.harvestable"
		]
	}
}